dsad;robovoin333@gmail.com;XL
dsad;robovoin333@gmail.com;S
ft;5robovoin333@gmail.com;XL
adadad23;9robovoin333@gmail.com;XL
adadad23;9robovoin333@gmail.com;XL
adadad23;9robovoin333@gmail.com;XL
adadad23;9robovoin333@gmail.com;XL
adadad23;9robovoin333@gmail.com;XL
adadad23;9robovoin333@gmail.com;XL
adadad23;9robovoin333@gmail.com;XL
adadad23;9robovoin333@gmail.com;XL
adadad23;9robovoin333@gmail.com;XL
adadad23;9robovoin333@gmail.com;XL
adadad23;9robovoin333@gmail.com;XL
adadad23;9robovoin333@gmail.com;XL
adadad23;9robovoin333@gmail.com;XL
adadad23;9robovoin333@gmail.com;XL
adadad23;9robovoin333@gmail.com;XL
adadad23;9robovoin333@gmail.com;XL
adadad23;9robovoin333@gmail.com;XL
adadad23;robovoin333@gmail.com;XL
2213;rob213o@gmail.com;L
2213;rob213o@gmail.com;L
